{"cameraMode":{"drawMode":0,"name":"Shaded","section":"Shading Mode"},"sceneLighting":false,"audioPlay":false,"sceneViewState":{"m_AlwaysRefresh":false,"showFog":true,"showSkybox":false,"showFlares":true,"showImageEffects":true,"showParticleSystems":true,"showVisualEffectGraphs":true,"m_FxEnabled":true},"in2DMode":false,"pivot":{"x":-0.4049568176269531,"y":0.176899254322052,"z":-0.0008339881896972656},"rotation":{"x":-0.15072019398212434,"y":-0.8369962573051453,"z":0.44195556640625,"w":-0.28548404574394228},"size":2.3350026607513429,"orthographic":false}