{"cameraMode":{"drawMode":0,"name":"Shaded","section":"Shading Mode"},"sceneLighting":true,"audioPlay":false,"sceneViewState":{"m_AlwaysRefresh":false,"showFog":true,"showSkybox":false,"showFlares":true,"showImageEffects":true,"showParticleSystems":true,"showVisualEffectGraphs":true,"m_FxEnabled":true},"in2DMode":false,"pivot":{"x":0.06976878643035889,"y":0.22594940662384034,"z":0.0167199969291687},"rotation":{"x":-0.1343756914138794,"y":-0.5614126324653626,"z":0.11992229521274567,"w":-0.8139036893844605},"size":0.7315552830696106,"orthographic":false}