{"cameraMode":{"drawMode":0,"name":"Shaded","section":"Shading Mode"},"sceneLighting":false,"audioPlay":false,"sceneViewState":{"m_AlwaysRefresh":false,"showFog":true,"showSkybox":false,"showFlares":true,"showImageEffects":true,"showParticleSystems":true,"showVisualEffectGraphs":true,"m_FxEnabled":true},"in2DMode":false,"pivot":{"x":0.021430015563964845,"y":-0.14307570457458497,"z":0.08701050281524658},"rotation":{"x":-0.13772578537464143,"y":0.879703938961029,"z":-0.20502601563930512,"w":-0.41457051038742068},"size":1.5569251775741578,"orthographic":false}