{"cameraMode":{"drawMode":0,"name":"Shaded","section":"Shading Mode"},"sceneLighting":false,"audioPlay":false,"sceneViewState":{"m_AlwaysRefresh":false,"showFog":true,"showSkybox":false,"showFlares":true,"showImageEffects":true,"showParticleSystems":true,"showVisualEffectGraphs":true,"m_FxEnabled":true},"in2DMode":false,"pivot":{"x":-0.4796271324157715,"y":-0.0802985429763794,"z":0.9616544246673584},"rotation":{"x":0.06388002634048462,"y":-0.7962020039558411,"z":0.08535616099834442,"w":0.5956596732139587},"size":1.6354467868804932,"orthographic":false}