{"cameraMode":{"drawMode":0,"name":"Shaded","section":"Shading Mode"},"sceneLighting":false,"audioPlay":false,"sceneViewState":{"m_AlwaysRefresh":false,"showFog":true,"showSkybox":false,"showFlares":true,"showImageEffects":true,"showParticleSystems":true,"showVisualEffectGraphs":true,"m_FxEnabled":true},"in2DMode":false,"pivot":{"x":0.08442673087120056,"y":0.28213053941726687,"z":-0.10386855900287628},"rotation":{"x":-0.07549682259559632,"y":-0.8902000188827515,"z":0.1624908745288849,"w":-0.4232043921947479},"size":0.37240269780158999,"orthographic":false}