{"cameraMode":{"drawMode":0,"name":"Shaded","section":"Shading Mode"},"sceneLighting":false,"audioPlay":false,"sceneViewState":{"m_AlwaysRefresh":false,"showFog":true,"showSkybox":false,"showFlares":true,"showImageEffects":true,"showParticleSystems":true,"showVisualEffectGraphs":true,"m_FxEnabled":true},"in2DMode":false,"pivot":{"x":-0.01512572169303894,"y":0.3219643533229828,"z":-0.036240413784980777},"rotation":{"x":-0.2723277509212494,"y":-0.5015729665756226,"z":0.1700151562690735,"w":-0.8034118413925171},"size":1.1046956777572632,"orthographic":false}