{"cameraMode":{"drawMode":0,"name":"Shaded","section":"Shading Mode"},"sceneLighting":false,"audioPlay":false,"sceneViewState":{"m_AlwaysRefresh":false,"showFog":true,"showSkybox":false,"showFlares":true,"showImageEffects":true,"showParticleSystems":true,"showVisualEffectGraphs":true,"m_FxEnabled":true},"in2DMode":false,"pivot":{"x":-0.3086646497249603,"y":0.7933688163757324,"z":0.31334179639816286},"rotation":{"x":-0.0068134646862745289,"y":-0.9491305351257324,"z":0.3143317699432373,"w":-0.020599961280822755},"size":1.474005103111267,"orthographic":false}