{"cameraMode":{"drawMode":0,"name":"Shaded","section":"Shading Mode"},"sceneLighting":true,"audioPlay":false,"sceneViewState":{"m_AlwaysRefresh":false,"showFog":true,"showSkybox":false,"showFlares":true,"showImageEffects":true,"showParticleSystems":true,"showVisualEffectGraphs":true,"m_FxEnabled":true},"in2DMode":false,"pivot":{"x":-0.009061718359589577,"y":-3.6306018829345705,"z":-5.419925689697266},"rotation":{"x":0.012638877145946026,"y":0.9407380223274231,"z":-0.34446269273757937,"w":0.07795998454093933},"size":6.062177658081055,"orthographic":false}